Appointment_Date,Admission_Date,Time_Id,Day,Month,Year,Quarter
29-05-2024,,1,29,5,2024,2024Q2
03-07-2023,,2,3,7,2023,2023Q3
12-09-2023,,3,12,9,2023,2023Q3
11-05-2024,,4,11,5,2024,2024Q2
02-04-2024,,5,2,4,2024,2024Q2
12-10-2023,,6,12,10,2023,2023Q4
01-08-2023,,7,1,8,2023,2023Q3
27-10-2023,,8,27,10,2023,2023Q4
08-04-2024,,9,8,4,2024,2024Q2
07-05-2024,,10,7,5,2024,2024Q2
19-06-2023,,11,19,6,2023,2023Q2
24-06-2024,,12,24,6,2024,2024Q2
11-03-2024,,13,11,3,2024,2024Q1
24-02-2024,,14,24,2,2024,2024Q1
18-05-2024,,15,18,5,2024,2024Q2
05-06-2024,,16,5,6,2024,2024Q2
10-09-2023,,17,10,9,2023,2023Q3
16-08-2023,,18,16,8,2023,2023Q3
03-10-2023,,19,3,10,2023,2023Q4
24-05-2024,,20,24,5,2024,2024Q2
22-06-2024,,21,22,6,2024,2024Q2
21-02-2024,,22,21,2,2024,2024Q1
15-01-2024,,23,15,1,2024,2024Q1
05-01-2024,,24,5,1,2024,2024Q1
29-03-2024,,25,29,3,2024,2024Q1
23-06-2024,,26,23,6,2024,2024Q2
19-05-2024,,27,19,5,2024,2024Q2
27-11-2023,,28,27,11,2023,2023Q4
28-02-2024,,29,28,2,2024,2024Q1
21-09-2023,,30,21,9,2023,2023Q3
27-08-2023,,31,27,8,2023,2023Q3
20-11-2023,,32,20,11,2023,2023Q4
13-10-2023,,33,13,10,2023,2023Q4
29-12-2023,,34,29,12,2023,2023Q4
16-05-2024,,35,16,5,2024,2024Q2
11-07-2023,,36,11,7,2023,2023Q3
12-11-2023,,37,12,11,2023,2023Q4
31-03-2024,,38,31,3,2024,2024Q1
02-09-2023,,39,2,9,2023,2023Q3
05-12-2023,,40,5,12,2023,2023Q4
09-09-2023,,41,9,9,2023,2023Q3
15-06-2023,,42,15,6,2023,2023Q2
07-04-2024,,43,7,4,2024,2024Q2
20-08-2023,,44,20,8,2023,2023Q3
04-09-2023,,45,4,9,2023,2023Q3
28-05-2024,,46,28,5,2024,2024Q2
03-09-2023,,47,3,9,2023,2023Q3
03-03-2024,,48,3,3,2024,2024Q1
10-11-2023,,49,10,11,2023,2023Q4
10-10-2023,,50,10,10,2023,2023Q4
31-10-2023,,51,31,10,2023,2023Q4
01-04-2024,,52,1,4,2024,2024Q2
21-05-2024,,53,21,5,2024,2024Q2
10-04-2024,,54,10,4,2024,2024Q2
22-08-2023,,55,22,8,2023,2023Q3
29-06-2024,,56,29,6,2024,2024Q2
12-07-2023,,57,12,7,2023,2023Q3
05-04-2024,,58,5,4,2024,2024Q2
18-01-2024,,59,18,1,2024,2024Q1
01-07-2023,,60,1,7,2023,2023Q3
29-01-2024,,61,29,1,2024,2024Q1
09-02-2024,,62,9,2,2024,2024Q1
22-01-2024,,63,22,1,2024,2024Q1
27-06-2023,,64,27,6,2023,2023Q2
07-08-2023,,65,7,8,2023,2023Q3
07-01-2024,,66,7,1,2024,2024Q1
12-08-2023,,67,12,8,2023,2023Q3
14-12-2023,,68,14,12,2023,2023Q4
20-06-2024,,69,20,6,2024,2024Q2
20-03-2024,,70,20,3,2024,2024Q1
22-09-2023,,71,22,9,2023,2023Q3
23-07-2023,,72,23,7,2023,2023Q3
26-06-2023,,73,26,6,2023,2023Q2
02-03-2024,,74,2,3,2024,2024Q1
09-05-2024,,75,9,5,2024,2024Q2
10-01-2024,,76,10,1,2024,2024Q1
04-01-2024,,77,4,1,2024,2024Q1
24-12-2023,,78,24,12,2023,2023Q4
11-06-2024,,79,11,6,2024,2024Q2
01-02-2024,,80,1,2,2024,2024Q1
08-07-2023,,81,8,7,2023,2023Q3
11-10-2023,,82,11,10,2023,2023Q4
28-01-2024,,83,28,1,2024,2024Q1
12-06-2024,,84,12,6,2024,2024Q2
31-01-2024,,85,31,1,2024,2024Q1
11-02-2024,,86,11,2,2024,2024Q1
08-05-2024,,87,8,5,2024,2024Q2
17-05-2024,,88,17,5,2024,2024Q2
21-11-2023,,89,21,11,2023,2023Q4
30-06-2023,,90,30,6,2023,2023Q2
14-02-2024,,91,14,2,2024,2024Q1
22-07-2023,,92,22,7,2023,2023Q3
04-08-2023,,93,4,8,2023,2023Q3
16-02-2024,,94,16,2,2024,2024Q1
19-01-2024,,95,19,1,2024,2024Q1
13-06-2023,,96,13,6,2023,2023Q2
13-05-2024,,97,13,5,2024,2024Q2
26-10-2023,,98,26,10,2023,2023Q4
23-09-2023,,99,23,9,2023,2023Q3
06-12-2023,,100,6,12,2023,2023Q4
18-06-2023,,101,18,6,2023,2023Q2
18-07-2023,,102,18,7,2023,2023Q3
13-08-2023,,103,13,8,2023,2023Q3
29-06-2023,,104,29,6,2023,2023Q2
09-12-2023,,105,9,12,2023,2023Q4
12-05-2024,,106,12,5,2024,2024Q2
25-07-2023,,107,25,7,2023,2023Q3
31-07-2023,,108,31,7,2023,2023Q3
09-03-2024,,109,9,3,2024,2024Q1
14-06-2024,,110,14,6,2024,2024Q2
28-06-2023,,111,28,6,2023,2023Q2
24-06-2023,,112,24,6,2023,2023Q2
27-12-2023,,113,27,12,2023,2023Q4
26-02-2024,,114,26,2,2024,2024Q1
14-10-2023,,115,14,10,2023,2023Q4
25-08-2023,,116,25,8,2023,2023Q3
09-01-2024,,117,9,1,2024,2024Q1
15-06-2024,,118,15,6,2024,2024Q2
23-01-2024,,119,23,1,2024,2024Q1
15-02-2024,,120,15,2,2024,2024Q1
03-05-2024,,121,3,5,2024,2024Q2
02-06-2024,,122,2,6,2024,2024Q2
27-09-2023,,123,27,9,2023,2023Q3
14-09-2023,,124,14,9,2023,2023Q3
17-02-2024,,125,17,2,2024,2024Q1
14-06-2023,,126,14,6,2023,2023Q2
25-09-2023,,127,25,9,2023,2023Q3
27-05-2024,,128,27,5,2024,2024Q2
06-07-2023,,129,6,7,2023,2023Q3
26-07-2023,,130,26,7,2023,2023Q3
18-02-2024,,131,18,2,2024,2024Q1
25-03-2024,,132,25,3,2024,2024Q1
23-08-2023,,133,23,8,2023,2023Q3
25-06-2023,,134,25,6,2023,2023Q2
30-09-2023,,135,30,9,2023,2023Q3
15-05-2024,,136,15,5,2024,2024Q2
11-04-2024,,137,11,4,2024,2024Q2
13-12-2023,,138,13,12,2023,2023Q4
16-11-2023,,139,16,11,2023,2023Q4
04-11-2023,,140,4,11,2023,2023Q4
05-11-2023,,141,5,11,2023,2023Q4
25-01-2024,,142,25,1,2024,2024Q1
18-06-2024,,143,18,6,2024,2024Q2
18-03-2024,,144,18,3,2024,2024Q1
10-08-2023,,145,10,8,2023,2023Q3
25-11-2023,,146,25,11,2023,2023Q4
21-08-2023,,147,21,8,2023,2023Q3
28-03-2024,,148,28,3,2024,2024Q1
23-06-2023,,149,23,6,2023,2023Q2
10-06-2024,,150,10,6,2024,2024Q2
23-05-2024,,151,23,5,2024,2024Q2
05-03-2024,,152,5,3,2024,2024Q1
11-08-2023,,153,11,8,2023,2023Q3
06-11-2023,,154,6,11,2023,2023Q4
13-09-2023,,155,13,9,2023,2023Q3
22-04-2024,,156,22,4,2024,2024Q2
22-02-2024,,157,22,2,2024,2024Q1
05-05-2024,,158,5,5,2024,2024Q2
04-05-2024,,159,4,5,2024,2024Q2
22-03-2024,,160,22,3,2024,2024Q1
30-12-2023,,161,30,12,2023,2023Q4
17-10-2023,,162,17,10,2023,2023Q4
23-04-2024,,163,23,4,2024,2024Q2
19-12-2023,,164,19,12,2023,2023Q4
11-09-2023,,165,11,9,2023,2023Q3
16-12-2023,,166,16,12,2023,2023Q4
23-11-2023,,167,23,11,2023,2023Q4
24-09-2023,,168,24,9,2023,2023Q3
30-04-2024,,169,30,4,2024,2024Q2
27-01-2024,,170,27,1,2024,2024Q1
10-07-2023,,171,10,7,2023,2023Q3
06-05-2024,,172,6,5,2024,2024Q2
22-11-2023,,173,22,11,2023,2023Q4
29-08-2023,,174,29,8,2023,2023Q3
31-05-2024,,175,31,5,2024,2024Q2
03-06-2023,,176,3,6,2023,2023Q2
18-04-2024,,177,18,4,2024,2024Q2
28-07-2023,,178,28,7,2023,2023Q3
12-02-2024,,179,12,2,2024,2024Q1
02-05-2024,,180,2,5,2024,2024Q2
21-07-2023,,181,21,7,2023,2023Q3
29-10-2023,,182,29,10,2023,2023Q4
09-04-2024,,183,9,4,2024,2024Q2
28-04-2024,,184,28,4,2024,2024Q2
18-11-2023,,185,18,11,2023,2023Q4
08-02-2024,,186,8,2,2024,2024Q1
05-07-2023,,187,5,7,2023,2023Q3
23-12-2023,,188,23,12,2023,2023Q4
27-06-2024,,189,27,6,2024,2024Q2
16-10-2023,,190,16,10,2023,2023Q4
03-06-2024,,191,3,6,2024,2024Q2
19-07-2023,,192,19,7,2023,2023Q3
05-06-2023,,193,5,6,2023,2023Q2
27-02-2024,,194,27,2,2024,2024Q1
04-06-2024,,195,4,6,2024,2024Q2
29-07-2023,,196,29,7,2023,2023Q3
20-01-2024,,197,20,1,2024,2024Q1
30-10-2023,,198,30,10,2023,2023Q4
07-02-2024,,199,7,2,2024,2024Q1
11-06-2023,,200,11,6,2023,2023Q2
23-10-2023,,201,23,10,2023,2023Q4
02-08-2023,,202,2,8,2023,2023Q3
06-09-2023,,203,6,9,2023,2023Q3
12-01-2024,,204,12,1,2024,2024Q1
29-04-2024,,205,29,4,2024,2024Q2
19-10-2023,,206,19,10,2023,2023Q4
28-08-2023,,207,28,8,2023,2023Q3
25-06-2024,,208,25,6,2024,2024Q2
29-09-2023,,209,29,9,2023,2023Q3
26-05-2024,,210,26,5,2024,2024Q2
07-03-2024,,211,7,3,2024,2024Q1
17-08-2023,,212,17,8,2023,2023Q3
05-02-2024,,213,5,2,2024,2024Q1
02-10-2023,,214,2,10,2023,2023Q4
16-06-2024,,215,16,6,2024,2024Q2
20-04-2024,,216,20,4,2024,2024Q2
10-03-2024,,217,10,3,2024,2024Q1
03-12-2023,,218,3,12,2023,2023Q4
24-03-2024,,219,24,3,2024,2024Q1
12-04-2024,,220,12,4,2024,2024Q2
20-09-2023,,221,20,9,2023,2023Q3
15-08-2023,,222,15,8,2023,2023Q3
17-12-2023,,223,17,12,2023,2023Q4
15-04-2024,,224,15,4,2024,2024Q2
19-08-2023,,225,19,8,2023,2023Q3
21-12-2023,,226,21,12,2023,2023Q4
02-01-2024,,227,2,1,2024,2024Q1
13-06-2024,,228,13,6,2024,2024Q2
03-01-2024,,229,3,1,2024,2024Q1
20-07-2023,,230,20,7,2023,2023Q3
11-11-2023,,231,11,11,2023,2023Q4
22-05-2024,,232,22,5,2024,2024Q2
03-08-2023,,233,3,8,2023,2023Q3
08-11-2023,,234,8,11,2023,2023Q4
06-04-2024,,235,6,4,2024,2024Q2
02-02-2024,,236,2,2,2024,2024Q1
17-03-2024,,237,17,3,2024,2024Q1
17-06-2024,,238,17,6,2024,2024Q2
07-12-2023,,239,7,12,2023,2023Q4
29-11-2023,,240,29,11,2023,2023Q4
16-03-2024,,241,16,3,2024,2024Q1
01-01-2024,,242,1,1,2024,2024Q1
15-07-2023,,243,15,7,2023,2023Q3
26-04-2024,,244,26,4,2024,2024Q2
20-05-2024,,245,20,5,2024,2024Q2
26-01-2024,,246,26,1,2024,2024Q1
25-02-2024,,247,25,2,2024,2024Q1
26-12-2023,,248,26,12,2023,2023Q4
11-12-2023,,249,11,12,2023,2023Q4
01-06-2023,,250,1,6,2023,2023Q2
17-07-2023,,251,17,7,2023,2023Q3
17-09-2023,,252,17,9,2023,2023Q3
08-01-2024,,253,8,1,2024,2024Q1
17-01-2024,,254,17,1,2024,2024Q1
02-12-2023,,255,2,12,2023,2023Q4
07-09-2023,,256,7,9,2023,2023Q3
08-09-2023,,257,8,9,2023,2023Q3
03-02-2024,,258,3,2,2024,2024Q1
01-11-2023,,259,1,11,2023,2023Q4
22-10-2023,,260,22,10,2023,2023Q4
05-10-2023,,261,5,10,2023,2023Q4
19-04-2024,,262,19,4,2024,2024Q2
15-12-2023,,263,15,12,2023,2023Q4
08-06-2024,,264,8,6,2024,2024Q2
04-07-2023,,265,4,7,2023,2023Q3
04-12-2023,,266,4,12,2023,2023Q4
09-10-2023,,267,9,10,2023,2023Q4
06-06-2023,,268,6,6,2023,2023Q2
30-07-2023,,269,30,7,2023,2023Q3
13-07-2023,,270,13,7,2023,2023Q3
15-10-2023,,271,15,10,2023,2023Q4
04-04-2024,,272,4,4,2024,2024Q2
28-11-2023,,273,28,11,2023,2023Q4
13-01-2024,,274,13,1,2024,2024Q1
25-10-2023,,275,25,10,2023,2023Q4
15-11-2023,,276,15,11,2023,2023Q4
30-11-2023,,277,30,11,2023,2023Q4
16-04-2024,,278,16,4,2024,2024Q2
10-12-2023,,279,10,12,2023,2023Q4
30-08-2023,,280,30,8,2023,2023Q3
09-08-2023,,281,9,8,2023,2023Q3
14-01-2024,,282,14,1,2024,2024Q1
07-06-2023,,283,7,6,2023,2023Q2
22-06-2023,,284,22,6,2023,2023Q2
06-08-2023,,285,6,8,2023,2023Q3
30-03-2024,,286,30,3,2024,2024Q1
07-07-2023,,287,7,7,2023,2023Q3
19-11-2023,,288,19,11,2023,2023Q4
14-04-2024,,289,14,4,2024,2024Q2
10-05-2024,,290,10,5,2024,2024Q2
01-09-2023,,291,1,9,2023,2023Q3
06-03-2024,,292,6,3,2024,2024Q1
10-06-2023,,293,10,6,2023,2023Q2
12-06-2023,,294,12,6,2023,2023Q2
18-09-2023,,295,18,9,2023,2023Q3
21-06-2023,,296,21,6,2023,2023Q2
15-09-2023,,297,15,9,2023,2023Q3
17-06-2023,,298,17,6,2023,2023Q2
23-02-2024,,299,23,2,2024,2024Q1
14-03-2024,,300,14,3,2024,2024Q1
13-03-2024,,301,13,3,2024,2024Q1
21-06-2024,,302,21,6,2024,2024Q2
26-11-2023,,303,26,11,2023,2023Q4
19-06-2024,,304,19,6,2024,2024Q2
02-07-2023,,305,2,7,2023,2023Q3
16-07-2023,,306,16,7,2023,2023Q3
08-08-2023,,307,8,8,2023,2023Q3
02-11-2023,,308,2,11,2023,2023Q4
25-04-2024,,309,25,4,2024,2024Q2
24-04-2024,,310,24,4,2024,2024Q2
09-06-2024,,311,9,6,2024,2024Q2
18-12-2023,,312,18,12,2023,2023Q4
28-10-2023,,313,28,10,2023,2023Q4
04-10-2023,,314,4,10,2023,2023Q4
30-01-2024,,315,30,1,2024,2024Q1
05-08-2023,,316,5,8,2023,2023Q3
06-10-2023,,317,6,10,2023,2023Q4
17-11-2023,,318,17,11,2023,2023Q4
27-04-2024,,319,27,4,2024,2024Q2
20-12-2023,,320,20,12,2023,2023Q4
14-05-2024,,321,14,5,2024,2024Q2
01-10-2023,,322,1,10,2023,2023Q4
24-11-2023,,323,24,11,2023,2023Q4
03-11-2023,,324,3,11,2023,2023Q4
27-03-2024,,325,27,3,2024,2024Q1
16-09-2023,,326,16,9,2023,2023Q3
06-06-2024,,327,6,6,2024,2024Q2
14-07-2023,,328,14,7,2023,2023Q3
20-10-2023,,329,20,10,2023,2023Q4
17-04-2024,,330,17,4,2024,2024Q2
10-02-2024,,331,10,2,2024,2024Q1
06-01-2024,,332,6,1,2024,2024Q1
24-08-2023,,333,24,8,2023,2023Q3
29-02-2024,,334,29,2,2024,2024Q1
06-02-2024,,335,6,2,2024,2024Q1
30-05-2024,,336,30,5,2024,2024Q2
28-06-2024,,337,28,6,2024,2024Q2
03-04-2024,,338,3,4,2024,2024Q2
09-07-2023,,339,9,7,2023,2023Q3
24-10-2023,,340,24,10,2023,2023Q4
09-06-2023,,341,9,6,2023,2023Q2
24-01-2024,,342,24,1,2024,2024Q1
08-06-2023,,343,8,6,2023,2023Q2
12-12-2023,,344,12,12,2023,2023Q4
23-03-2024,,345,23,3,2024,2024Q1
13-02-2024,,346,13,2,2024,2024Q1
28-09-2023,,347,28,9,2023,2023Q3
19-02-2024,,348,19,2,2024,2024Q1
09-11-2023,,349,9,11,2023,2023Q4
16-01-2024,,350,16,1,2024,2024Q1
31-12-2023,,351,31,12,2023,2023Q4
07-06-2024,,352,7,6,2024,2024Q2
04-06-2023,,353,4,6,2023,2023Q2
31-08-2023,,354,31,8,2023,2023Q3
20-02-2024,,355,20,2,2024,2024Q1
21-10-2023,,356,21,10,2023,2023Q4
21-04-2024,,357,21,4,2024,2024Q2
01-05-2024,,358,1,5,2024,2024Q2
07-10-2023,,359,7,10,2023,2023Q4
21-03-2024,,360,21,3,2024,2024Q1
15-03-2024,,361,15,3,2024,2024Q1
13-11-2023,,362,13,11,2023,2023Q4
20-06-2023,,363,20,6,2023,2023Q2
05-09-2023,,364,5,9,2023,2023Q3
08-12-2023,,365,8,12,2023,2023Q4
13-04-2024,,366,13,4,2024,2024Q2
18-08-2023,,367,18,8,2023,2023Q3
19-03-2024,,368,19,3,2024,2024Q1
22-12-2023,,369,22,12,2023,2023Q4
01-03-2024,,370,1,3,2024,2024Q1
26-06-2024,,371,26,6,2024,2024Q2
14-11-2023,,372,14,11,2023,2023Q4
28-12-2023,,373,28,12,2023,2023Q4
26-09-2023,,374,26,9,2023,2023Q3
07-11-2023,,375,7,11,2023,2023Q4
25-05-2024,,376,25,5,2024,2024Q2
12-03-2024,,377,12,3,2024,2024Q1
02-06-2023,,378,2,6,2023,2023Q2
21-01-2024,,379,21,1,2024,2024Q1
18-10-2023,,380,18,10,2023,2023Q4
08-03-2024,,381,8,3,2024,2024Q1
25-12-2023,,382,25,12,2023,2023Q4
01-06-2024,,383,1,6,2024,2024Q2
27-07-2023,,384,27,7,2023,2023Q3
04-03-2024,,385,4,3,2024,2024Q1
26-03-2024,,386,26,3,2024,2024Q1
24-07-2023,,387,24,7,2023,2023Q3
11-01-2024,,388,11,1,2024,2024Q1
01-12-2023,,389,1,12,2023,2023Q4
19-09-2023,,390,19,9,2023,2023Q3
16-06-2023,,391,16,6,2023,2023Q2
26-08-2023,,392,26,8,2023,2023Q3
14-08-2023,,393,14,8,2023,2023Q3
04-02-2024,,394,4,2,2024,2024Q1
08-10-2023,,395,8,10,2023,2023Q4
,29-05-2024,396,,,,
,05-07-2023,397,,,,
,13-09-2023,398,,,,
,12-05-2024,399,,,,
,05-04-2024,400,,,,
,15-10-2023,401,,,,
,02-08-2023,402,,,,
,29-10-2023,403,,,,
,11-04-2024,404,,,,
,07-05-2024,405,,,,
,21-06-2023,406,,,,
,08-05-2024,407,,,,
,26-06-2024,408,,,,
,14-03-2024,409,,,,
,25-02-2024,410,,,,
,21-05-2024,411,,,,
,07-06-2024,412,,,,
,10-09-2023,413,,,,
,19-08-2023,414,,,,
,04-10-2023,415,,,,
,25-05-2024,416,,,,
,23-06-2024,417,,,,
,23-02-2024,418,,,,
,17-01-2024,419,,,,
,08-01-2024,420,,,,
,01-04-2024,421,,,,
,24-06-2024,422,,,,
,20-05-2024,423,,,,
,29-11-2023,424,,,,
,28-02-2024,425,,,,
,24-09-2023,426,,,,
,28-08-2023,427,,,,
,21-11-2023,428,,,,
,14-10-2023,429,,,,
,31-12-2023,430,,,,
,17-05-2024,431,,,,
,11-07-2023,432,,,,
,12-11-2023,433,,,,
,03-04-2024,434,,,,
,05-09-2023,435,,,,
,06-12-2023,436,,,,
,12-09-2023,437,,,,
,16-06-2023,438,,,,
,08-04-2024,439,,,,
,20-08-2023,440,,,,
,31-05-2024,441,,,,
,06-09-2023,442,,,,
,06-03-2024,443,,,,
,12-10-2023,444,,,,
,31-10-2023,445,,,,
,13-04-2024,446,,,,
,25-08-2023,447,,,,
,30-06-2024,448,,,,
,15-07-2023,449,,,,
,10-10-2023,450,,,,
,20-01-2024,451,,,,
,03-07-2023,452,,,,
,31-01-2024,453,,,,
,11-02-2024,454,,,,
,04-08-2023,455,,,,
,22-01-2024,456,,,,
,28-06-2023,457,,,,
,07-08-2023,458,,,,
,07-01-2024,459,,,,
,12-08-2023,460,,,,
,15-12-2023,461,,,,
,23-03-2024,462,,,,
,22-09-2023,463,,,,
,24-07-2023,464,,,,
,29-06-2023,465,,,,
,02-03-2024,466,,,,
,11-05-2024,467,,,,
,13-01-2024,468,,,,
,25-06-2024,469,,,,
,05-01-2024,470,,,,
,26-12-2023,471,,,,
,14-06-2024,472,,,,
,04-02-2024,473,,,,
,08-07-2023,474,,,,
,13-10-2023,475,,,,
,28-01-2024,476,,,,
,12-06-2024,477,,,,
,03-02-2024,478,,,,
,13-02-2024,479,,,,
,18-05-2024,480,,,,
,24-11-2023,481,,,,
,30-06-2023,482,,,,
,14-02-2024,483,,,,
,25-07-2023,484,,,,
,22-08-2023,485,,,,
,22-06-2024,486,,,,
,18-02-2024,487,,,,
,21-01-2024,488,,,,
,15-06-2023,489,,,,
,15-05-2024,490,,,,
,22-11-2023,491,,,,
,28-10-2023,492,,,,
,26-09-2023,493,,,,
,09-12-2023,494,,,,
,19-06-2023,495,,,,
,20-07-2023,496,,,,
,13-08-2023,497,,,,
,12-12-2023,498,,,,
,13-05-2024,499,,,,
,26-10-2023,500,,,,
,11-03-2024,501,,,,
,16-06-2024,502,,,,
,11-01-2024,503,,,,
,01-07-2023,504,,,,
,24-06-2023,505,,,,
,28-12-2023,506,,,,
,29-02-2024,507,,,,
,17-10-2023,508,,,,
,15-06-2024,509,,,,
,23-01-2024,510,,,,
,16-02-2024,511,,,,
,04-05-2024,512,,,,
,02-06-2024,513,,,,
,28-09-2023,514,,,,
,16-09-2023,515,,,,
,27-06-2023,516,,,,
,19-02-2024,517,,,,
,25-09-2023,518,,,,
,28-05-2024,519,,,,
,27-07-2023,520,,,,
,26-03-2024,521,,,,
,23-08-2023,522,,,,
,25-06-2023,523,,,,
,23-09-2023,524,,,,
,02-10-2023,525,,,,
,16-05-2024,526,,,,
,14-04-2024,527,,,,
,19-11-2023,528,,,,
,04-11-2023,529,,,,
,06-11-2023,530,,,,
,26-01-2024,531,,,,
,19-06-2024,532,,,,
,05-03-2024,533,,,,
,06-06-2024,534,,,,
,20-06-2023,535,,,,
,02-02-2024,536,,,,
,19-03-2024,537,,,,
,11-06-2024,538,,,,
,10-08-2023,539,,,,
,27-11-2023,540,,,,
,31-03-2024,541,,,,
,13-06-2024,542,,,,
,07-11-2023,543,,,,
,22-04-2024,544,,,,
,14-07-2023,545,,,,
,22-02-2024,546,,,,
,28-11-2023,547,,,,
,24-02-2024,548,,,,
,25-03-2024,549,,,,
,10-05-2024,550,,,,
,20-10-2023,551,,,,
,12-03-2024,552,,,,
,23-04-2024,553,,,,
,20-12-2023,554,,,,
,11-09-2023,555,,,,
,19-12-2023,556,,,,
,26-11-2023,557,,,,
,27-09-2023,558,,,,
,03-05-2024,559,,,,
,25-11-2023,560,,,,
,09-02-2024,561,,,,
,31-08-2023,562,,,,
,01-10-2023,563,,,,
,01-06-2024,564,,,,
,06-06-2023,565,,,,
,20-04-2024,566,,,,
,27-02-2024,567,,,,
,06-05-2024,568,,,,
,29-07-2023,569,,,,
,15-02-2024,570,,,,
,09-03-2024,571,,,,
,07-04-2024,572,,,,
,08-11-2023,573,,,,
,23-06-2023,574,,,,
,30-04-2024,575,,,,
,10-02-2024,576,,,,
,06-07-2023,577,,,,
,23-12-2023,578,,,,
,09-04-2024,579,,,,
,19-10-2023,580,,,,
,29-12-2023,581,,,,
,03-06-2024,582,,,,
,19-07-2023,583,,,,
,10-06-2024,584,,,,
,31-07-2023,585,,,,
,02-09-2023,586,,,,
,13-06-2023,587,,,,
,09-05-2024,588,,,,
,02-05-2024,589,,,,
,25-10-2023,590,,,,
,05-06-2024,591,,,,
,08-09-2023,592,,,,
,28-06-2024,593,,,,
,07-03-2024,594,,,,
,18-08-2023,595,,,,
,06-02-2024,596,,,,
,18-06-2024,597,,,,
,05-06-2023,598,,,,
,29-01-2024,599,,,,
,13-03-2024,600,,,,
,04-12-2023,601,,,,
,27-03-2024,602,,,,
,15-11-2023,603,,,,
,07-06-2023,604,,,,
,10-01-2024,605,,,,
,15-04-2024,606,,,,
,20-09-2023,607,,,,
,16-08-2023,608,,,,
,21-12-2023,609,,,,
,04-01-2024,610,,,,
,03-01-2024,611,,,,
,22-07-2023,612,,,,
,11-11-2023,613,,,,
,23-05-2024,614,,,,
,01-11-2023,615,,,,
,23-11-2023,616,,,,
,06-08-2023,617,,,,
,29-03-2024,618,,,,
,03-10-2023,619,,,,
,09-09-2023,620,,,,
,18-03-2024,621,,,,
,21-02-2024,622,,,,
,15-01-2024,623,,,,
,14-09-2023,624,,,,
,17-06-2024,625,,,,
,10-12-2023,626,,,,
,22-12-2023,627,,,,
,14-11-2023,628,,,,
,01-12-2023,629,,,,
,17-03-2024,630,,,,
,02-01-2024,631,,,,
,17-07-2023,632,,,,
,28-04-2024,633,,,,
,24-05-2024,634,,,,
,15-09-2023,635,,,,
,08-08-2023,636,,,,
,30-08-2023,637,,,,
,24-01-2024,638,,,,
,13-12-2023,639,,,,
,01-06-2023,640,,,,
,18-09-2023,641,,,,
,09-01-2024,642,,,,
,18-01-2024,643,,,,
,03-12-2023,644,,,,
,04-06-2024,645,,,,
,16-01-2024,646,,,,
,13-07-2023,647,,,,
,02-11-2023,648,,,,
,07-12-2023,649,,,,
,05-10-2023,650,,,,
,29-08-2023,651,,,,
,04-09-2023,652,,,,
,02-04-2024,653,,,,
,18-12-2023,654,,,,
,15-08-2023,655,,,,
,03-08-2023,656,,,,
,18-10-2023,657,,,,
,07-07-2023,658,,,,
,11-10-2023,659,,,,
,07-09-2023,660,,,,
,14-01-2024,661,,,,
,09-06-2023,662,,,,
,01-08-2023,663,,,,
,04-04-2024,664,,,,
,26-05-2024,665,,,,
,08-06-2023,666,,,,
,01-02-2024,667,,,,
,16-11-2023,668,,,,
,26-02-2024,669,,,,
,30-11-2023,670,,,,
,16-04-2024,671,,,,
,14-12-2023,672,,,,
,01-09-2023,673,,,,
,29-04-2024,674,,,,
,22-10-2023,675,,,,
,11-12-2023,676,,,,
,09-08-2023,677,,,,
,11-08-2023,678,,,,
,28-07-2023,679,,,,
,21-08-2023,680,,,,
,17-09-2023,681,,,,
,05-12-2023,682,,,,
,19-01-2024,683,,,,
,26-06-2023,684,,,,
,04-03-2024,685,,,,
,20-11-2023,686,,,,
,17-12-2023,687,,,,
,03-09-2023,688,,,,
,08-03-2024,689,,,,
,12-06-2023,690,,,,
,05-11-2023,691,,,,
,19-09-2023,692,,,,
,17-02-2024,693,,,,
,24-08-2023,694,,,,
,21-10-2023,695,,,,
,18-06-2023,696,,,,
,14-08-2023,697,,,,
,21-06-2024,698,,,,
,27-08-2023,699,,,,
,09-07-2023,700,,,,
,07-02-2024,701,,,,
,04-07-2023,702,,,,
,20-06-2024,703,,,,
,08-02-2024,704,,,,
,12-02-2024,705,,,,
,30-07-2023,706,,,,
,18-07-2023,707,,,,
,25-04-2024,708,,,,
,24-04-2024,709,,,,
,30-10-2023,710,,,,
,30-12-2023,711,,,,
,01-05-2024,712,,,,
,19-05-2024,713,,,,
,06-01-2024,714,,,,
,05-08-2023,715,,,,
,10-04-2024,716,,,,
,08-10-2023,717,,,,
,10-06-2023,718,,,,
,27-04-2024,719,,,,
,23-07-2023,720,,,,
,05-02-2024,721,,,,
,11-06-2023,722,,,,
,15-03-2024,723,,,,
,18-11-2023,724,,,,
,12-04-2024,725,,,,
,10-07-2023,726,,,,
,16-07-2023,727,,,,
,03-11-2023,728,,,,
,24-12-2023,729,,,,
,28-03-2024,730,,,,
,30-03-2024,731,,,,
,18-04-2024,732,,,,
,10-11-2023,733,,,,
,05-05-2024,734,,,,
,07-10-2023,735,,,,
,27-06-2024,736,,,,
,01-03-2024,737,,,,
,22-05-2024,738,,,,
,30-05-2024,739,,,,
,25-01-2024,740,,,,
,06-04-2024,741,,,,
,21-07-2023,742,,,,
,12-01-2024,743,,,,
,21-09-2023,744,,,,
,16-03-2024,745,,,,
,08-06-2024,746,,,,
,01-07-2024,747,,,,
,08-12-2023,748,,,,
,27-12-2023,749,,,,
,14-06-2023,750,,,,
,09-11-2023,751,,,,
,01-01-2024,752,,,,
,12-07-2023,753,,,,
,06-10-2023,754,,,,
,16-10-2023,755,,,,
,22-06-2023,756,,,,
,19-04-2024,757,,,,
,20-03-2024,758,,,,
,20-02-2024,759,,,,
,09-06-2024,760,,,,
,23-10-2023,761,,,,
,24-03-2024,762,,,,
,13-11-2023,763,,,,
,16-12-2023,764,,,,
,30-01-2024,765,,,,
,26-08-2023,766,,,,
,02-07-2023,767,,,,
,27-01-2024,768,,,,
,04-06-2023,769,,,,
,26-04-2024,770,,,,
,29-09-2023,771,,,,
,17-08-2023,772,,,,
,03-06-2023,773,,,,
,27-10-2023,774,,,,
,17-04-2024,775,,,,
,17-06-2023,776,,,,
,27-05-2024,777,,,,
,02-06-2023,778,,,,
,29-06-2024,779,,,,
,03-03-2024,780,,,,
,26-07-2023,781,,,,
,24-10-2023,782,,,,
,21-03-2024,783,,,,
,21-04-2024,784,,,,
,09-10-2023,785,,,,
,30-09-2023,786,,,,
,22-03-2024,787,,,,
,25-12-2023,788,,,,
,10-03-2024,789,,,,
,17-11-2023,790,,,,
,02-12-2023,791,,,,
,14-05-2024,792,,,,
,02-07-2024,793,,,,
